object	symbol	size	relocations	image_offset	address
hal_iomux_best1700.o	hal_iomux_set_default_iodrv	24	0	0x00005560	0x10195560
hal_iomux_best1700.o	hal_iomux_set_default_iodb	20	0	0x00005578	0x10195578
hal_iomux_best1700.o	hal_iomux_ispi_access_init	16	0	0x0000558c	0x1019558c
hal_iomux_best1700.o	hal_iomux_set_default_config	240	5	0x0000559c	0x1019559c
hal_iomux_best1700.o	hal_iomux_set_flash2_qspi	52	3	0x0000568c	0x1019568c
hal_cmu_best1700.o	hal_cmu_fast_timer_init	24	0	0x000056c2	0x101956c2
hal_cmu_best1700.o	hal_cmu_osc_x2_enable	26	2	0x000056ec	0x101956ec
hal_cmu_best1700.o	hal_cmu_osc_x4_enable	32	0	0x00005708	0x10195708
hal_cmu_best1700.o	hal_cmu_boot_setup_sp_ram	46	7	0x0000574c	0x1019574c
hal_cmu_best1700.o	boot_loader_entry_hook	46	7	0x0000574c	0x1019574c
hal_norflash.o	_norflash_set_source_freq	24	3	0x00006010	0x10196010
hal_norflash.o	hal_norflash_reset_timing	22	4	0x00006028	0x10196028
hal_norflash.o	hal_norflash_clk_to_cmu_freq	60	0	0x00006218	0x10196218
hal_norflash.o	hal_norflash_open	18	1	0x00006548	0x10196548
hal_norflash.o	hal_norflash_suspend_check_irq	16	2	0x000067e0	0x101967e0
hal_norflash.o	hal_norflash_suspend_check_flash_read	16	2	0x000067e0	0x101967e0
hal_norflash.o	hal_norflash_init	36	5	0x000068a8	0x101968a8
hal_iomux_best1700.o	iomux_lock	40	4	0x00008a58	0x10198a58
hal_iomux_best1700.o	iomux_unlock	36	4	0x00008a80	0x10198a80
hal_cmu_best1700.o	addr_remap_cpu_to_dev	42	0	0x000315f0	0x101c15f0
hal_cmu_best1700.o	addr_remap_dev_to_cpu	56	0	0x0003161c	0x101c161c
hal_m55c0_2_bthc0_best1700.o	hal_m55c0_2_bthc0_ipc_notify_open	16	2	0x00062ac0	0x101f2ac0
hal_rmt_ipc_best1700.o	hal_rmt_ipc_get_cfg	52	4	0x000b0764	0x10240764
hal_m55c0_2_m55c1_best1700.o	hal_mcu2cp_irq_init	30	0	0x000b1c6c	0x10241c6c
hal_m55c0_2_m55c1_best1700.o	hal_mcu2cp_peer_tx_irq_set	24	0	0x000b1c8a	0x10241c8a
hal_m55c0_2_m55c1_best1700.o	hal_mcu2cp_rx_irq_resume	24	0	0x000b1ca2	0x10241ca2
hal_m55c0_2_m55c1_best1700.o	hal_mcu2cp_rx_done_id32	24	0	0x000b1cba	0x10241cba
hal_m55c0_2_m55c1_best1700.o	hal_mcu2cp_irq_active	46	0	0x000b1cd2	0x10241cd2
hal_m55c0_2_dspc0_best1700.o	hal_mcu2cp_irq_init	26	0	0x000b1d58	0x10241d58
hal_m55c0_2_dspc0_best1700.o	hal_mcu2cp_peer_tx_irq_set	20	0	0x000b1d72	0x10241d72
hal_m55c0_2_dspc0_best1700.o	hal_mcu2cp_rx_irq_resume	24	0	0x000b1d86	0x10241d86
hal_m55c0_2_dspc0_best1700.o	hal_mcu2cp_rx_done_id32	20	0	0x000b1d9e	0x10241d9e
hal_m55c0_2_dspc0_best1700.o	hal_mcu2cp_irq_active	42	0	0x000b1db2	0x10241db2
hal_m55c0_2_bthc0_best1700.o	hal_sys2bth_irq_init	56	0	0x000b1f76	0x10241f76
hal_m55c0_2_bthc0_best1700.o	hal_sys2bth_peer_tx_irq_set	24	0	0x000b1fae	0x10241fae
hal_m55c0_2_bthc0_best1700.o	hal_sys2bth_rx_irq_resume	20	0	0x000b1fc6	0x10241fc6
hal_m55c0_2_bthc0_best1700.o	hal_sys2bth_irq_active	40	0	0x000b1fda	0x10241fda
hal_m55c0_2_bthc0_best1700.o	hal_sys2bth_rx_irq_suspend	28	0	0x000b203c	0x1024203c
hal_iomux_best1700.o	hal_iomux_set_io_voltage_domains	26	2	0x000b21a8	0x102421a8
hal_iomux_best1700.o	hal_iomux_set_io_pull_select	152	3	0x000b21c4	0x102421c4
hal_iomux_best1700.o	hal_iomux_init	86	7	0x000b225c	0x1024225c
hal_iomux_best1700.o	hal_iomux_set_io_drv	96	1	0x000b22b4	0x102422b4
hal_iomux_best1700.o	hal_iomux_set_sys_uart1	52	3	0x000b2368	0x10242368
hal_iomux_best1700.o	hal_iomux_set_analog_i2c	60	3	0x000b23b0	0x102423b0
hal_iomux_best1700.o	hal_iomux_set_bthc1_jtag	32	3	0x000b23ec	0x102423ec
hal_iomux_best1700.o	hal_iomux_set_bthc0_jtag	32	3	0x000b240c	0x1024240c
hal_iomux_best1700.o	hal_iomux_set_m55c1_jtag	32	3	0x000b242c	0x1024242c
hal_iomux_best1700.o	hal_iomux_set_m55c0_jtag	32	3	0x000b244c	0x1024244c
hal_iomux_best1700.o	hal_iomux_set_btc_jtag	32	3	0x000b246c	0x1024246c
hal_iomux_best1700.o	hal_iomux_set_wf_jtag	32	3	0x000b248c	0x1024248c
hal_iomux_best1700.o	hal_iomux_set_hifi4_jtag	36	3	0x000b24ac	0x102424ac
hal_iomux_best1700.o	hal_iomux_set_shared_jtag	48	3	0x000b24d0	0x102424d0
hal_iomux_best1700.o	hal_iomux_set_dig_mic	120	7	0x000b2540	0x10242540
hal_iomux_best1700.o	hal_iomux_set_sys_spilcd	36	3	0x000b25b8	0x102425b8
hal_iomux_best1700.o	hal_iomux_set_sys_i2c1	32	3	0x000b25f0	0x102425f0
hal_iomux_best1700.o	hal_iomux_set_bt_tport	44	4	0x000b2650	0x10242650
hal_iomux_best1700.o	hal_iomux_set_rgblcd0	124	6	0x000b2714	0x10242714
hal_iomux_best1700.o	hal_iomux_get_uart_rx_pin	24	0	0x000b2790	0x10242790
hal_cmu_best1700.o	hal_cmu_m55c1_wakeup_irq_deregister	24	0	0x000b62dc	0x102462dc
hal_cmu_best1700.o	hal_cmu_hifi4_wakeup_irq_deregister	24	0	0x000b62f4	0x102462f4
hal_cmu_best1700.o	hal_cmu_dsi_clksrc_enable	32	2	0x000b630c	0x1024630c
hal_cmu_best1700.o	hal_cmu_hifi4_wakeup_allow_signal_clear	30	4	0x000b632c	0x1024632c
hal_cmu_best1700.o	hal_cmu_cp_wake_unlock	48	5	0x000b634c	0x1024634c
hal_cmu_best1700.o	hal_cmu_m55c1_sleep_irq_register	44	3	0x000b637c	0x1024637c
hal_cmu_best1700.o	hal_cmu_hifi4_sleep_irq_register	44	3	0x000b63a8	0x102463a8
hal_cmu_best1700.o	hal_cmu_hifi4_wakeup_irq_register	44	3	0x000b63d4	0x102463d4
hal_cmu_best1700.o	hal_cmu_cp_wake_lock	48	6	0x000b6404	0x10246404
hal_cmu_best1700.o	hal_cmu_clock_enable	188	2	0x000b66a4	0x102466a4
hal_cmu_best1700.o	hal_cmu_clock_disable	156	0	0x000b6760	0x10246760
hal_cmu_best1700.o	hal_cmu_clock_get_status	152	0	0x000b67fc	0x102467fc
hal_cmu_best1700.o	hal_cmu_reset_set	228	1	0x000b6894	0x10246894
hal_cmu_best1700.o	hal_cmu_reset_clear	208	0	0x000b6978	0x10246978
hal_cmu_best1700.o	hal_cmu_disppre_hclk_enable.part.0	80	7	0x000b6a48	0x10246a48
hal_cmu_best1700.o	hal_cmu_dispb_xclk_enable.part.0	84	7	0x000b6a98	0x10246a98
hal_cmu_best1700.o	hal_cmu_reset_get_status	192	0	0x000b6aec	0x10246aec
hal_cmu_best1700.o	hal_cmu_reset_pulse	248	2	0x000b6bac	0x10246bac
hal_cmu_best1700.o	hal_cmu_timer_clock_enable	100	7	0x000b6ca4	0x10246ca4
hal_cmu_best1700.o	hal_cmu_lcdc_get_pixmhz	66	0	0x000b6d08	0x10246d08
hal_cmu_best1700.o	hal_cmu_lcdc_get_qspimhz	66	0	0x000b6e10	0x10246e10
hal_cmu_best1700.o	hal_cmu_dsi_sleep	32	1	0x000b6f5c	0x10246f5c
hal_cmu_best1700.o	hal_cmu_dsi1_sleep	36	1	0x000b6fda	0x10246fda
hal_cmu_best1700.o	hal_cmu_lcdc_clock_enable	144	26	0x000b701c	0x1024701c
hal_cmu_best1700.o	hal_cmu_lcdc_disp_pn_reset	62	9	0x000b70e8	0x102470e8
hal_cmu_best1700.o	hal_cmu_i2s_clock_out_enable	36	3	0x000b7170	0x10247170
hal_cmu_best1700.o	hal_cmu_i2s_clock_out_disable	38	4	0x000b7194	0x10247194
hal_cmu_best1700.o	hal_cmu_i2s_set_slave_mode	34	3	0x000b71ba	0x102471ba
hal_cmu_best1700.o	hal_cmu_i2s_set_master_mode	36	2	0x000b71dc	0x102471dc
hal_cmu_best1700.o	hal_cmu_i2s_clock_enable	48	3	0x000b7200	0x10247200
hal_cmu_best1700.o	hal_cmu_i2s_clock_disable	48	2	0x000b7230	0x10247230
hal_cmu_best1700.o	hal_cmu_i2s_set_div	70	2	0x000b7260	0x10247260
hal_cmu_best1700.o	hal_cmu_i2s_mclk_set_div	68	3	0x000b72a8	0x102472a8
hal_cmu_best1700.o	hal_cmu_i2s_mclk_set_src	82	3	0x000b72ec	0x102472ec
hal_cmu_best1700.o	hal_cmu_pcm_set_slave_mode	38	3	0x000b733e	0x1024733e
hal_cmu_best1700.o	hal_cmu_ispi_set_freq	62	2	0x000b7368	0x10247368
hal_cmu_best1700.o	hal_cmu_m55c1_wakeup_allow	46	4	0x000b751c	0x1024751c
hal_cmu_best1700.o	hal_cmu_cp_subsys_wakeup_safe	20	2	0x000b7668	0x10247668
hal_cmu_best1700.o	hal_cmu_cp_subsys_enable	32	4	0x000b767c	0x1024767c
hal_cmu_best1700.o	hal_cmu_cp_subsys_disable	28	4	0x000b769c	0x1024769c
hal_cmu_best1700.o	hal_cmu_cp_start_cpu	44	3	0x000b76b8	0x102476b8
hal_cmu_best1700.o	hal_cmu_hifi4_wakeup_safe	20	2	0x000b7750	0x10247750
hal_sdmmc.o	hal_sdmmc_set_delay_func	16	1	0x000b87c8	0x102487c8
hal_sdmmc.o	hal_sdmmc_set_delay_us_func	16	1	0x000b87c8	0x102487c8
hal_key.o	gpio_map_set_pin	24	0	0x000bc07e	0x1024c07e
hal_key.o	gpio_map_clear_map	28	0	0x000bc0b2	0x1024c0b2
hal_key.o	gpio_map_test_set_map	30	0	0x000bc0d8	0x1024c0d8
hal_key.o	gpio_map_test_set	22	0	0x000bc0f6	0x1024c0f6
hal_key.o	gpio_map_assign	14	0	0x000bc10c	0x1024c10c
hal_key.o	hal_gpiokey_enable_irq	56	5	0x000bc11c	0x1024c11c
hal_key.o	gpio_map_to_str.constprop.0	88	3	0x000bc3b0	0x1024c3b0
hal_rmt_ipc_common.o	_rmt_ipc_tx_busy	52	3	0x000be43c	0x1024e43c
hal_rmt_ipc_common.o	hal_rmt_ipc_get_rsc_table	104	9	0x000bee40	0x1024ee40
hal_sdmmc.o	__div64_32	120	0	0x000bef38	0x1024ef38
hal_sdmmc.o	mmc_wait_dat0	14	0	0x000befb0	0x1024efb0
hal_sdmmc.o	mmc_send_cmd_retry	32	2	0x000befc6	0x1024efc6
hal_sdmmc.o	mmc_send_status	46	1	0x000befe6	0x1024efe6
hal_sdmmc.o	mmc_set_ios_clock	14	0	0x000bf014	0x1024f014
hal_sdmmc.o	mmc_send_op_cond_iter	68	2	0x000bf024	0x1024f024
hal_sdmmc.o	mmc_send_ext_csd	46	1	0x000bf068	0x1024f068
hal_sdmmc.o	mmc_power_cycle	44	3	0x000bf234	0x1024f234
hal_sdmmc.o	mmc_go_idle	50	4	0x000bf270	0x1024f270
hal_sdmmc.o	bus_width	52	3	0x000bf2a4	0x1024f2a4
hal_sdmmc.o	__mmc_switch.constprop.0	208	10	0x000bf5d0	0x1024f5d0
hal_sdmmc.o	mmc_send_cmd_retry_timeout.constprop.0	120	13	0x000bf71c	0x1024f71c
hal_sdmmc.o	hal_sdmmc_set_clock	34	2	0x000c053c	0x1025053c
hal_sdmmc.o	hal_sdmmc_dump_card_info	1216	192	0x000c1ac0	0x10251ac0
hal_sdmmc.o	hal_sdmmc_get_card_current_state	30	2	0x000c25f4	0x102525f4
hal_usb.o	hal_usb_wakeup	40	2	0x000c6e28	0x10256e28
hal_usb.o	reset_epn_out_transfer	56	2	0x000c6e50	0x10256e50
hal_usb.o	reset_epn_in_transfer	56	2	0x000c6e88	0x10256e88
hal_usb.o	hal_usb_reset_all_transfers	50	9	0x000c6ec0	0x10256ec0
hal_usb.o	hal_usb_send_ep0	72	5	0x000c6ef4	0x10256ef4
hal_usb.o	hal_usb_pin_status_resume	60	7	0x000c6f8c	0x10256f8c
hal_usb.o	hal_usb_stop_clock	72	6	0x000c6fc8	0x10256fc8
hal_usb.o	enable_usb_irq	44	3	0x000c7010	0x10257010
hal_usb.o	hal_usb_recv_ep0	72	3	0x000c703c	0x1025703c
hal_usb.o	hal_usb_stop_usbdev_timer	32	3	0x000c730c	0x1025730c
hal_usb.o	hal_usb_pin_check_cancel_resume	88	9	0x000c732c	0x1025732c
hal_usb.o	hal_usb_ep0_status_stage.isra.0	44	1	0x000c7384	0x10257384
hal_usb.o	hal_usb_close	136	12	0x000c843c	0x1025843c
